PATIENT_ID,SURV_5YR,OS_STATUS,OS_MONTHS,OS_EVENT,AGE,SEX,RACE,AJCC_PATHOLOGIC_TUMOR_STAGE,PATH_T_STAGE,PATH_N_STAGE,PATH_M_STAGE,RADIATION_THERAPY
TCGA-3C-AAAU,0,0:LIVING,133.0505967,0,55,Female,White,STAGE X,TX,NX,MX,No
TCGA-3C-AALI,0,0:LIVING,131.6697899,0,50,Female,Black or African American,STAGE IIB,T2,N1A,M0,Yes
TCGA-A1-A0SK,1,1:DECEASED,31.79143242,1,54,Female,Asian,STAGE IIA,T2,N0 (I-),M0,
TCGA-A2-A04N,0,0:LIVING,143.1436368,0,66,Female,White,STAGE IA,T1C,N0 (I-),M0,Yes
TCGA-A2-A04P,1,1:DECEASED,18.01624092,1,36,Female,Black or African American,STAGE IIIC,T2,N3C,M0,Yes
TCGA-A2-A04Q,0,0:LIVING,78.41009962,0,48,Female,White,STAGE IA,T1,N0 (I-),M0,No
TCGA-A2-A04R,0,0:LIVING,121.9383897,0,36,Female,Black or African American,STAGE IA,T1,N0 (I-),M0,Yes
TCGA-A2-A04T,0,0:LIVING,73.84028668,0,62,Female,White,STAGE IIA,T2,N0 (I-),M0,Yes
TCGA-A2-A04U,0,0:LIVING,87.25383831,0,47,Female,White,STAGE IIA,T2,N0 (I+),M0,No
TCGA-A2-A04V,0,1:DECEASED,63.12259592,1,39,Female,White,STAGE IIA,T2,N0 (I-),M0,No
TCGA-A2-A04W,0,0:LIVING,101.982444,0,50,Female,White,STAGE IIB,T2,N1MI,M0,No
TCGA-A2-A0CK,0,0:LIVING,136.7327481,0,60,Female,White,STAGE IIIA,T3,N2A,M0,Yes
TCGA-A2-A0CL,0,0:LIVING,99.1222014,0,37,Female,Black or African American,STAGE IIIA,T3,N2A,M0,Yes
TCGA-A2-A0CM,1,1:DECEASED,24.78876944,1,40,Female,Black or African American,STAGE IIA,T2,N0 (I-),M0,No
TCGA-A2-A0CP,0,0:LIVING,92.48117829,0,60,Female,White,STAGE IA,T1C,N0 (I-),M0,Yes
TCGA-A2-A0CQ,0,0:LIVING,88.60176875,0,62,Female,Black or African American,STAGE IA,T1,N0 (I-),M0,Yes
TCGA-A2-A0CR,0,0:LIVING,107.9330638,0,54,Female,Asian,STAGE IIB,T3,N0,M0,No
TCGA-A2-A0CS,0,1:DECEASED,77.19367459,1,73,Female,White,STAGE IV,T4B,N3A,M1,Yes
TCGA-A2-A0CT,0,0:LIVING,75.25396982,0,71,Female,White,STAGE IIA,T2,N0 (I-),M0,No
TCGA-A2-A0CU,1,1:DECEASED,5.194463622,1,73,Female,White,STAGE IIA,T2,N0 (I+),M0,No
TCGA-A2-A0CV,0,0:LIVING,98.99069599,0,41,Female,Asian,STAGE IIB,T2,N1A,M0,Yes
TCGA-A2-A0CW,0,0:LIVING,107.9330638,0,67,Female,White,STAGE IIB,T2,N1A,M0,No
TCGA-A2-A0D0,0,0:LIVING,67.33076898,0,60,Female,Black or African American,STAGE IIA,T2,N0 (I-),M0,No
TCGA-A2-A0D3,0,0:LIVING,61.57740737,0,42,Female,White,STAGE IA,T1C,N0 (I-),M0,No
TCGA-A2-A0EM,0,0:LIVING,101.7194332,0,73,Female,White,STAGE IA,T1,N0 (I-),M0,Yes
TCGA-A2-A0EN,0,0:LIVING,134.3985271,0,70,Female,White,STAGE IIA,T2,N0 (I+),M0,Yes
TCGA-A2-A0EO,0,0:LIVING,80.28405168,0,54,Female,White,STAGE IA,T1,N0 (I-),M0,Yes
TCGA-A2-A0EP,0,0:LIVING,118.4534964,0,56,Female,White,STAGE I,T1,N0 (I+),M0,No
TCGA-A2-A0EQ,0,0:LIVING,79.75803005,0,64,Female,Black or African American,STAGE IIA,T2,N0 (I-),M0,Yes
TCGA-A2-A0ER,0,0:LIVING,74.39918467,0,63,Female,White,STAGE IB,T1C,N1MI,M0,Yes
TCGA-A2-A0ES,0,0:LIVING,71.99921097,0,52,Female,White,STAGE IIA,T2,N0 (I-),M0,No
TCGA-A2-A0EW,0,1:DECEASED,61.93904724,1,53,Female,White,STAGE IIIC,T1B,N3A,M0,Yes
TCGA-A2-A0EY,0,0:LIVING,63.28697768,0,62,Female,White,STAGE IIB,T2,N1A,M0,Yes
TCGA-A2-A0ST,0,0:LIVING,99.18795411,0,62,Female,White,STAGE IIA,T1C,N1A,M0,Yes
TCGA-A2-A0SV,1,1:DECEASED,27.12299043,1,63,Female,White,STAGE IV,T2,N2A,M1,Yes
TCGA-A2-A0SW,1,1:DECEASED,44.87622054,1,82,Female,White,STAGE IV,T2,N2,M1,Yes
TCGA-A2-A0T2,1,1:DECEASED,8.38346977,1,66,Female,White,STAGE IV,T3,N3,M1,No
TCGA-A2-A0YT,1,1:DECEASED,23.76960253,1,56,Female,White,STAGE IIIB,T4B,N2A,M0,Yes
TCGA-A2-A1FX,0,0:LIVING,60.72262222,0,61,Female,White,STAGE IIIA,T3,N2A,M0,Yes
TCGA-A2-A25A,0,0:LIVING,107.7029293,0,44,Female,White,STAGE IIA,T2,N0 (I-),M0,Yes
TCGA-A2-A25E,0,0:LIVING,105.3358319,0,34,Female,Black or African American,STAGE IIIA,T2,N2A,M0,Yes
TCGA-A2-A3XT,0,0:LIVING,91.06749515,0,45,Female,Black or African American,STAGE IIB,T2,N1A,M0,Yes
TCGA-A2-A3XU,1,1:DECEASED,29.98323306,1,35,Female,Black or African American,STAGE IIB,T2,N1MI,M0,Yes
TCGA-A2-A3XX,1,1:DECEASED,47.30907059,1,49,Female,Black or African American,STAGE IIA,T2,N0,M0,No
TCGA-A7-A13E,1,1:DECEASED,20.18608015,1,62,Female,White,STAGE IIB,T2,N1,MX,No
TCGA-A8-A06U,1,1:DECEASED,29.02981885,1,80,Female,,STAGE IIB,T2,N1A,M0,No
TCGA-A8-A06X,1,1:DECEASED,31.00239997,1,77,Female,,STAGE IIB,T3,N0,M0,Yes
TCGA-A8-A08J,1,1:DECEASED,37.05164875,1,52,Female,,STAGE IV,T4B,N3,M1,No
TCGA-A8-A08L,1,1:DECEASED,9.99441102,1,89,Female,,STAGE IIIA,T3,N2A,M0,Yes
TCGA-A8-A08T,0,1:DECEASED,112.0754841,1,64,Female,,STAGE IV,T2,N1A,M1,No
TCGA-A8-A09X,1,1:DECEASED,14.00532597,1,62,Female,,STAGE IIIC,T2,N3A,M0,
TCGA-AC-A23H,1,1:DECEASED,5.720485255,1,90,Female,White,STAGE IIA,T2,NX,M0,No
TCGA-AC-A2BK,0,0:LIVING,73.05125423,0,78,Female,Black or African American,STAGE IIIA,T2,N2A,MX,Yes
TCGA-AC-A2BM,0,0:LIVING,99.35233587,0,41,Female,Black or African American,STAGE IIB,T2,N1A,MX,No
TCGA-AC-A2FF,0,0:LIVING,90.70585528,0,40,Female,Asian,STAGE IIB,T2,N1,MX,Yes
TCGA-AC-A2FG,0,0:LIVING,60.91988033,0,79,Female,White,STAGE IIB,T2,N1A,MX,No
TCGA-AC-A2FK,0,0:LIVING,87.12233291,0,45,Female,White,STAGE IIIC,T2,N3A,M0,Yes
TCGA-AC-A2FO,0,0:LIVING,74.13617385,0,65,Female,White,STAGE IIB,T2,N1,MX,No
TCGA-AC-A62V,1,1:DECEASED,11.44097051,1,58,Male,Black or African American,STAGE IV,T2,N1A,M1,Yes
TCGA-AO-A03L,0,0:LIVING,80.28405168,0,34,Female,Asian,STAGE IIIA,T3,N2,M0,Yes
TCGA-AO-A03M,0,0:LIVING,61.34727291,0,29,Female,White,STAGE I,T1C,N0 (I-),M0,No
TCGA-AO-A03N,0,0:LIVING,66.77187099,0,59,Female,White,STAGE IIB,T2,N1A,M0,No
TCGA-AO-A03O,0,1:DECEASED,81.63198212,1,69,Female,Black or African American,STAGE IIA,T2,N0 (I-),M0,No
TCGA-AO-A03P,0,1:DECEASED,95.70306079,1,54,Female,Black or African American,STAGE IIB,T2,N1,M0,Yes
TCGA-AO-A03R,0,0:LIVING,68.74445212,0,57,Female,White,STAGE IIB,T2,N1A,M0,Yes
TCGA-AO-A03T,0,0:LIVING,69.82937173,0,42,Female,White,STAGE IIB,T2,N1A,M0,Yes
TCGA-AO-A03U,1,1:DECEASED,58.94729921,1,31,Female,White,STAGE I,T1C,N0 (I-),M0,No
TCGA-AO-A0J5,1,1:DECEASED,26.03807082,1,48,Female,White,STAGE IV,T4,N1A,M1,Yes
TCGA-AO-A0JD,0,0:LIVING,71.99921097,0,59,Female,White,STAGE IIIA,T3,N1A,M0,Yes
TCGA-AO-A0JE,0,0:LIVING,76.76628201,0,53,Female,Black or African American,STAGE IIIA,T2,N2A,M0,Yes
TCGA-AO-A0JF,0,0:LIVING,65.09517704,0,68,Female,White,STAGE IIA,T1C,N1A,M0,Yes
TCGA-AO-A0JJ,0,0:LIVING,62.0376763,0,54,Female,White,STAGE IIB,T2,N1A,M0,Yes
TCGA-AO-A0JM,0,0:LIVING,71.80195286,0,40,Female,,STAGE IIB,T2,N1,M0,Yes
TCGA-AO-A124,0,0:LIVING,115.2644903,0,38,Female,White,STAGE IIA,T2,N0 (I-),M0,No
TCGA-AO-A125,0,0:LIVING,113.6206727,0,72,Female,Black or African American,STAGE IIA,T2,N0 (I-),M0,No
TCGA-AO-A126,0,0:LIVING,108.7220962,0,39,Female,Asian,STAGE IIA,T2,N0 (I-),M0,Yes
TCGA-AO-A128,0,0:LIVING,106.7823914,0,61,Female,White,STAGE IIA,T2,N0 (I-),M0,Yes
TCGA-AO-A129,0,0:LIVING,108.0316928,0,29,Female,White,STAGE IIB,T2,N1A,M0,Yes
TCGA-AO-A12A,0,0:LIVING,102.3112076,0,47,Female,White,STAGE IIA,T2,N0 (I+),M0,No
TCGA-AO-A12B,0,0:LIVING,98.26741625,0,63,Female,White,STAGE IIA,T2,N0 (I-),M0,No
TCGA-AO-A12D,0,0:LIVING,82.68402538,0,43,Female,White,STAGE IIA,T1C,N1A,M0,Yes
TCGA-AO-A12E,0,0:LIVING,70.42114607,0,51,Female,White,STAGE IIB,T3,N0 (I+),M0,Yes
TCGA-AO-A12F,0,0:LIVING,60.55824046,0,36,Female,White,STAGE IIA,T2,N0 (I-),M0,Yes
TCGA-AO-A1KP,0,0:LIVING,97.08386757,0,77,Female,White,STAGE IIA,T1,N1,M0,No
TCGA-AO-A1KR,0,0:LIVING,82.61827268,0,51,Female,White,STAGE IIA,T2,N0,M0,No
TCGA-AQ-A0Y5,1,1:DECEASED,5.654732551,1,70,Female,White,STAGE IIIA,T2,N2A,MX,No
TCGA-AQ-A7U7,1,1:DECEASED,19.19978959,1,55,Female,White,STAGE IIIA,T2,N2A,M0,Yes
TCGA-AR-A0TP,0,0:LIVING,140.546405,0,43,Female,White,STAGE IIA,T2,N0,M0,Yes
TCGA-AR-A0TQ,0,0:LIVING,98.33316895,0,27,Female,White,STAGE IIIA,T3,N1,M0,Yes
TCGA-AR-A0TR,1,1:DECEASED,5.260216326,1,68,Female,White,STAGE IIB,T2,N1,M0,No
TCGA-AR-A0TS,0,0:LIVING,84.09770852,0,46,Female,White,STAGE IIB,T2,N1,M0,Yes
TCGA-AR-A0TT,0,0:LIVING,109.0179834,0,53,Female,Black or African American,STAGE IIIA,T2,N2,M0,Yes
TCGA-AR-A0TV,0,0:LIVING,75.22109347,0,66,Female,,STAGE IIA,T2,N0,M0,No
TCGA-AR-A0TW,0,0:LIVING,98.92494329,0,50,Female,White,STAGE IIIA,T3,N1,M0,No
TCGA-AR-A0TX,0,0:LIVING,64.83216622,0,64,Female,,STAGE IIA,T1,N1,M0,Yes
TCGA-AR-A0TY,1,1:DECEASED,55.85692212,1,54,Female,White,STAGE IIA,T2,N0,M0,No
TCGA-AR-A0TZ,0,1:DECEASED,107.2426604,1,43,Female,White,STAGE IIIA,T2,N2,M1,Yes
TCGA-AR-A0U0,0,0:LIVING,65.35818786,0,73,Female,White,STAGE IIB,T2,N1,M0,Yes
TCGA-AR-A0U1,0,0:LIVING,133.2149785,0,36,Female,White,STAGE IIB,T2,N1,M0,Yes
TCGA-AR-A0U2,0,1:DECEASED,83.86757405,1,47,Female,White,STAGE IIIA,T2,N2,M0,Yes
TCGA-AR-A0U3,0,0:LIVING,134.1355163,0,59,Female,White,STAGE IIB,T2,N1,M0,Yes
TCGA-AR-A0U4,0,0:LIVING,107.209784,0,54,Female,White,STAGE IIA,T2,N0,M0,No
TCGA-AR-A1AH,0,0:LIVING,125.1602722,0,51,Female,White,STAGE IIB,T2,N1,M0,No
TCGA-AR-A1AI,0,0:LIVING,108.3604563,0,47,Female,White,STAGE IIA,T2,N0,M0,No
TCGA-AR-A1AJ,0,0:LIVING,100.9961535,0,83,Female,White,STAGE I,T1,N0,M0,Yes
TCGA-AR-A1AK,0,0:LIVING,103.8563961,0,70,Female,White,STAGE I,T1,N0,M0,No
TCGA-AR-A1AL,0,0:LIVING,97.67564191,0,60,Female,White,STAGE IIIA,T3,N1,M0,Yes
TCGA-AR-A1AN,0,0:LIVING,95.99894796,0,46,Female,White,STAGE IIA,T2,N0,M0,Yes
TCGA-AR-A1AO,0,0:LIVING,86.07028964,0,47,Female,White,STAGE IIA,T1,N1,M0,Yes
TCGA-AR-A1AP,0,0:LIVING,93.89486143,0,80,Female,White,STAGE I,T1,N0,M0,No
TCGA-AR-A1AQ,0,0:LIVING,99.31945951,0,49,Female,White,STAGE IIA,T2,N0,M0,Yes
TCGA-AR-A1AR,1,1:DECEASED,17.22720847,1,50,Female,White,STAGE IIIA,T1,N2,M0,Yes
TCGA-AR-A1AT,1,1:DECEASED,41.8187198,1,62,Female,White,STAGE IIA,T2,N0,M0,Yes
TCGA-AR-A1AU,0,0:LIVING,94.28937765,0,39,Female,White,STAGE IIIA,T2,N2,M0,Yes
TCGA-AR-A1AV,0,0:LIVING,61.2815202,0,68,Male,White,STAGE IIB,T2,N1,M0,Yes
TCGA-AR-A1AW,0,0:LIVING,86.53055857,0,65,Female,White,STAGE IIA,T2,N0,M0,Yes
TCGA-AR-A1AX,0,0:LIVING,86.43192951,0,64,Female,White,STAGE I,T1,N0,M0,Yes
TCGA-AR-A24H,0,0:LIVING,160.8968669,0,65,Female,White,STAGE IIA,T2,N0,M0,Yes
TCGA-AR-A24L,0,1:DECEASED,94.22362495,1,26,Female,White,STAGE IIB,T2,N1,M0,Yes
TCGA-AR-A24M,0,0:LIVING,120.3274485,0,38,Female,White,STAGE IIIA,T2,N2,M0,Yes
TCGA-AR-A24N,0,0:LIVING,99.77972844,0,54,Female,White,STAGE I,T1,N0,M0,No
TCGA-AR-A24O,0,0:LIVING,118.5850018,0,43,Female,White,STAGE IIIA,T3,N2,M0,Yes
TCGA-AR-A24Q,0,0:LIVING,104.2837887,0,49,Female,White,STAGE IIB,T3,N0,M0,Yes
TCGA-AR-A24R,0,0:LIVING,112.7658875,0,45,Female,White,STAGE IIIA,T1,N2,M0,Yes
TCGA-AR-A24S,0,0:LIVING,97.84002367,0,61,Female,White,STAGE I,T1,N0,M0,Yes
TCGA-AR-A24T,0,0:LIVING,105.2700792,0,46,Female,White,STAGE IIIC,T3,N3,M0,Yes
TCGA-AR-A24U,0,0:LIVING,102.8372292,0,47,Female,White,STAGE IIA,T1,N1,M0,Yes
TCGA-AR-A24V,0,0:LIVING,105.3029556,0,52,Female,White,STAGE IIB,T2,N1,M0,Yes
TCGA-AR-A24X,0,0:LIVING,98.76056153,0,52,Female,White,STAGE IIA,T2,N0,M0,No
TCGA-AR-A24Z,0,0:LIVING,98.66193247,0,57,Female,White,STAGE IIA,T2,N0,M0,No
TCGA-AR-A250,0,0:LIVING,88.99628497,0,58,Female,White,STAGE IIA,T2,N0,M0,No
TCGA-AR-A251,0,0:LIVING,99.61534668,0,51,Female,White,STAGE IIIA,T2,N2,M0,Yes
TCGA-AR-A252,0,0:LIVING,93.30308709,0,50,Female,White,STAGE I,T1,N0,M0,Yes
TCGA-AR-A254,0,0:LIVING,85.64289706,0,50,Female,White,STAGE IIIA,T2,N2,M0,Yes
TCGA-AR-A255,0,0:LIVING,71.04579676,0,62,Female,White,STAGE I,T1,N0,M0,Yes
TCGA-AR-A256,0,1:DECEASED,93.82910872,1,45,Female,White,STAGE IIA,T2,N0,M0,No
TCGA-AR-A2LE,0,0:LIVING,166.420094,0,69,Female,White,STAGE I,T1,N0,M0,Yes
TCGA-AR-A2LH,1,1:DECEASED,20.25183286,1,55,Female,White,STAGE III,T3,N3,M0,Yes
TCGA-AR-A2LK,1,1:DECEASED,54.21310451,1,62,Female,White,STAGE III,T3,N2,M0,Yes
TCGA-AR-A2LM,0,0:LIVING,63.6157412,0,49,Female,White,STAGE II,T1,N1,M0,No
TCGA-AR-A5QM,0,0:LIVING,73.3471414,0,62,Female,White,STAGE IIA,T2,N0,M0,Yes
TCGA-AR-A5QQ,1,1:DECEASED,10.58618536,1,68,Female,White,STAGE IIIA,T3,N1,M0,Yes
TCGA-B6-A0I1,0,1:DECEASED,77.62106717,1,73,Female,Black or African American,STAGE IIA,T2,N0,M0,No
TCGA-B6-A0I2,0,0:LIVING,143.3737713,0,45,Female,White,STAGE IA,T1C,N0 (I-),M0,Yes
TCGA-B6-A0I5,0,0:LIVING,281.2900681,0,49,Female,White,STAGE IIB,T2,N1B,M0,No
TCGA-B6-A0I8,1,1:DECEASED,24.62438768,1,46,Female,White,STAGE X,T1,NX,M0,No
TCGA-B6-A0I9,1,1:DECEASED,11.90123944,1,62,Female,White,STAGE IV,T3,NX,M1,Yes
TCGA-B6-A0IA,0,0:LIVING,275.86547,0,51,Female,White,STAGE IIA,T2,N0 (I-),M0,No
TCGA-B6-A0IB,0,1:DECEASED,129.5657034,1,64,Female,White,STAGE IV,T3,N3,M1,No
TCGA-B6-A0IC,1,1:DECEASED,50.69533485,1,90,Female,White,STAGE X,T2,NX,MX,No
TCGA-B6-A0IE,0,1:DECEASED,65.52256962,1,38,Female,Black or African American,STAGE IIIA,T3,N1B,M0,Yes
TCGA-B6-A0IG,0,1:DECEASED,146.4970247,1,50,Female,White,STAGE IIB,T2,N1B,M0,Yes
TCGA-B6-A0IH,0,1:DECEASED,112.3713713,1,81,Female,White,STAGE IIIA,T3,N1B,M0,Yes
TCGA-B6-A0IJ,0,0:LIVING,233.6193576,0,42,Female,Black or African American,STAGE IIB,T3,N0 (I-),M0,No
TCGA-B6-A0IK,1,1:DECEASED,18.77239702,1,63,Female,White,STAGE IIIB,T4,N1,M0,No
TCGA-B6-A0IM,0,1:DECEASED,127.3301115,1,75,Female,Black or African American,STAGE IIB,T3,N0 (I-),M0,No
TCGA-B6-A0IN,0,1:DECEASED,84.5908538,1,45,Female,White,STAGE X,T1C,NX,MX,No
TCGA-B6-A0IO,0,0:LIVING,165.762567,0,66,Female,White,STAGE IIA,T2,N0 (I-),M0,No
TCGA-B6-A0IP,0,1:DECEASED,129.0725581,1,74,Female,White,STAGE IA,T1C,N0 (I-),M0,
TCGA-B6-A0IQ,0,0:LIVING,140.8751685,0,40,Female,White,STAGE IIIA,T3,N1B,M0,Yes
TCGA-B6-A0RE,0,0:LIVING,255.6793898,0,61,Female,Black or African American,STAGE X,TX,N0 (I-),M0,Yes
TCGA-B6-A0RG,0,0:LIVING,68.44856495,0,26,Female,White,STAGE IIB,T3,N0 (I-),M0,No
TCGA-B6-A0RH,0,1:DECEASED,212.2497288,1,51,Female,Black or African American,STAGE IIA,T2,N0 (I-),M0,No
TCGA-B6-A0RI,0,0:LIVING,234.2768846,0,44,Female,White,STAGE IIIB,T4B,N1B,M0,Yes
TCGA-B6-A0RL,0,1:DECEASED,81.17171319,1,60,Female,Black or African American,STAGE IIA,T2,N0 (I-),M0,No
TCGA-B6-A0RM,0,1:DECEASED,78.01558339,1,57,Female,Black or African American,STAGE X,TX,NX,MX,No
TCGA-B6-A0RN,0,0:LIVING,263.2738271,0,60,Female,White,STAGE IA,T1C,N0 (I-),M0,Yes
TCGA-B6-A0RO,0,0:LIVING,162.0475392,0,71,Female,White,STAGE IIIB,T4,N1A,M0,No
TCGA-B6-A0RP,0,1:DECEASED,102.7714765,1,73,Female,White,STAGE IIIB,T2,N1B,M0,No
TCGA-B6-A0RQ,0,1:DECEASED,140.2833942,1,68,Female,White,STAGE IIB,T3,N0 (I-),M0,No
TCGA-B6-A0RS,0,1:DECEASED,100.7002663,1,38,Female,White,STAGE IIA,T2,N0 (I-),M0,No
TCGA-B6-A0RT,0,0:LIVING,89.4565539,0,39,Female,White,STAGE IIIA,T3,N1,M0,Yes
TCGA-B6-A0RU,0,0:LIVING,282.9010093,0,40,Female,White,STAGE IA,T1C,N0 (I-),M0,Yes
TCGA-B6-A0RV,0,0:LIVING,169.5104711,0,42,Female,White,STAGE IIIA,T3,N2,M0,Yes
TCGA-B6-A0WS,0,1:DECEASED,97.4783838,1,58,Female,Black or African American,STAGE X,T1C,NX,MX,No
TCGA-B6-A0WT,0,0:LIVING,188.6773844,0,61,Female,White,STAGE IIB,T2,N1,M0,No
TCGA-B6-A0WV,0,1:DECEASED,79.46214288,1,67,Female,White,STAGE IIB,T2,N1B,M0,No
TCGA-B6-A0WW,1,1:DECEASED,18.34500444,1,58,Female,Black or African American,STAGE X,T2,N1B,MX,Yes
TCGA-B6-A0WX,1,1:DECEASED,21.00798895,1,40,Female,Black or African American,STAGE IIIA,T3,N1B,M0,No
TCGA-B6-A0WY,0,1:DECEASED,113.7850544,1,40,Female,White,STAGE IIIA,T3,N1B,M0,Yes
TCGA-B6-A0WZ,0,0:LIVING,206.858007,0,50,Female,Black or African American,STAGE II,T2,N1B,M0,Yes
TCGA-B6-A0X0,0,1:DECEASED,129.6972088,1,54,Female,White,STAGE I,T1C,N0 (I-),M0,No
TCGA-B6-A0X1,0,1:DECEASED,245.0932045,1,48,Female,White,STAGE IIB,T2,N1,M1,No
TCGA-B6-A0X4,1,1:DECEASED,28.27366275,1,62,Female,White,STAGE IIB,T2,N1B,M0,No
TCGA-B6-A0X5,0,1:DECEASED,68.94171023,1,61,Female,Black or African American,STAGE IIB,T2,N1B,M0,No
TCGA-B6-A0X7,1,1:DECEASED,58.55278298,1,62,Female,White,STAGE X,T1C,NX,MX,Yes
TCGA-B6-A1KF,0,0:LIVING,101.5221751,0,68,Female,White,STAGE IIB,T2,N1,M0,Yes
TCGA-B6-A1KI,0,0:LIVING,73.51152316,0,63,Female,White,STAGE I,T1C,N0,M0,Yes
TCGA-B6-A1KN,0,0:LIVING,139.1655982,0,57,Female,White,STAGE IIIB,T4B,N1,M0,Yes
TCGA-B6-A2IU,0,0:LIVING,170.1679982,0,62,Female,White,STAGE IIA,T2,N0,M0,Yes
TCGA-B6-A401,0,0:LIVING,85.3470099,0,47,Female,Black or African American,STAGE IIA,T1C,N1A,M0,No
TCGA-B6-A409,1,1:DECEASED,18.83814972,1,44,Female,Black or African American,STAGE IIIA,T1C,N2A,M0,No
TCGA-B6-A40B,0,0:LIVING,103.6262616,0,76,Female,White,STAGE I,T1B,N0 (I-),M0,No
TCGA-B6-A40C,0,0:LIVING,71.14442582,0,51,Female,White,STAGE IIB,T3,N0 (I-),M0,Yes
TCGA-BH-A0AU,0,0:LIVING,62.92533781,0,45,Female,White,STAGE IIA,T2,N0,M0,Yes
TCGA-BH-A0AZ,0,0:LIVING,63.08971957,0,47,Female,White,STAGE IIIA,T3,N1A,CM0 (I+),No
TCGA-BH-A0B0,0,0:LIVING,81.434724,0,56,Female,Black or African American,STAGE I,T1C,N0,M0,Yes
TCGA-BH-A0B5,0,0:LIVING,70.22388796,0,40,Female,White,STAGE IIIA,T2,N2A,M0,Yes
TCGA-BH-A0B7,0,0:LIVING,84.13058487,0,42,Female,White,STAGE IIB,T2,N1A,M0,Yes
TCGA-BH-A0BF,1,1:DECEASED,43.5282901,1,56,Female,White,STAGE IIB,T2,N1MI,M0,No
TCGA-BH-A0BG,0,0:LIVING,61.51165467,0,73,Female,White,STAGE I,T1,N0,M0,Yes
TCGA-BH-A0BL,0,0:LIVING,74.89232995,0,35,Female,White,STAGE I,T1C,N0,M0,No
TCGA-BH-A0BM,0,0:LIVING,61.67603643,0,54,Female,White,STAGE IIB,T2,N1A,M0,No
TCGA-BH-A0BO,0,0:LIVING,72.22934543,0,54,Female,White,STAGE I,T1B,N0,M0,Yes
TCGA-BH-A0BP,0,1:DECEASED,75.48410428,1,76,Female,White,STAGE I,T1C,N0,M0,Yes
TCGA-BH-A0BQ,0,0:LIVING,74.13617385,0,39,Female,White,STAGE I,T1C,N0,M0,No
TCGA-BH-A0BR,0,0:LIVING,76.60190025,0,59,Female,White,STAGE I,T1C,N0,M0,Yes
TCGA-BH-A0BS,0,0:LIVING,85.87303153,0,55,Female,White,STAGE IIIA,T3,N1C,M0,Yes
TCGA-BH-A0BT,0,0:LIVING,77.75257258,0,56,Female,White,STAGE IIA,T1C,N1MI,M0,Yes
TCGA-BH-A0BW,0,0:LIVING,77.94983069,0,71,Female,Black or African American,STAGE I,T1C,N0,M0,Yes
TCGA-BH-A0BZ,0,0:LIVING,74.13617385,0,59,Female,White,STAGE IIIA,T3,N1A,M0,Yes
TCGA-BH-A0C1,1,1:DECEASED,46.38853273,1,61,Female,White,STAGE IIIA,T3,N2A,M0,Yes
TCGA-BH-A0C3,0,0:LIVING,89.06203768,0,47,Female,White,STAGE I,T1C,N0,M0,Yes
TCGA-BH-A0C7,0,0:LIVING,90.9688661,0,48,Female,White,STAGE IIB,T2,N1MI,M0,No
TCGA-BH-A0DD,0,0:LIVING,81.73061117,0,58,Male,White,STAGE IIB,T2,N1A,M0,No
TCGA-BH-A0DE,0,0:LIVING,77.98270704,0,62,Female,White,STAGE IIA,T2,N0,M0,Yes
TCGA-BH-A0DG,0,0:LIVING,67.10063451,0,30,Female,Black or African American,STAGE IIA,T2,N0,M0,Yes
TCGA-BH-A0DL,0,0:LIVING,78.27859421,0,64,Female,White,STAGE IIA,T2,N0,M0,Yes
TCGA-BH-A0DT,0,0:LIVING,79.00187395,0,41,Female,White,STAGE IIA,T1C,N1A,M0,Yes
TCGA-BH-A0DV,0,0:LIVING,67.85679061,0,54,Female,White,STAGE IIIA,T2,N2A,M0,Yes
TCGA-BH-A0DX,0,0:LIVING,70.881415,0,62,Female,White,STAGE I,T1B,N0,M0,Yes
TCGA-BH-A0E9,0,0:LIVING,81.82924023,0,53,Female,White,STAGE IIB,T2,N1A,M0,Yes
TCGA-BH-A0EA,1,1:DECEASED,32.58046487,1,72,Female,White,STAGE IIA,T1C,N1A,M0,No
TCGA-BH-A0EI,0,0:LIVING,63.31985403,0,51,Female,White,STAGE IIA,T1C,N1A,M0,Yes
TCGA-BH-A0H3,0,0:LIVING,63.38560673,0,46,Female,White,STAGE I,T1C,N0,M0,Yes
TCGA-BH-A18J,1,1:DECEASED,20.12032745,1,56,Female,White,STAGE IV,T4B,N2,M1,
TCGA-BH-A18K,0,1:DECEASED,90.83736069,1,46,Female,White,STAGE I,T1,N0,M0,
TCGA-BH-A18L,1,1:DECEASED,26.6627215,1,50,Female,White,STAGE IIIA,T3,N1MI,M0,
TCGA-BH-A18M,0,1:DECEASED,72.55810895,1,39,Female,White,STAGE IIIA,T3,N1,M0,
TCGA-BH-A18N,1,1:DECEASED,37.74205214,1,88,Female,White,STAGE IIA,T2,N1B,M0,No
TCGA-BH-A18P,1,1:DECEASED,30.27912023,1,60,Female,White,STAGE I,T1,N0,M0,
TCGA-BH-A18Q,1,1:DECEASED,55.62678765,1,56,Female,White,STAGE IIB,T2,N1B,M0,
TCGA-BH-A18R,1,1:DECEASED,37.54479403,1,50,Female,White,STAGE IIA,T2B,N1,M0,
TCGA-BH-A18S,0,1:DECEASED,66.04859125,1,79,Female,White,STAGE I,T1C,N0,M0,
TCGA-BH-A18T,1,1:DECEASED,7.364302857,1,70,Female,White,STAGE IIA,T2,N0,M0,
TCGA-BH-A18U,1,1:DECEASED,51.38573824,1,72,Female,White,STAGE IIIA,T2,N2A,M0,
TCGA-BH-A18V,1,1:DECEASED,51.15560377,1,48,Female,White,STAGE IIB,T2,N1B,M0,
TCGA-BH-A1EN,0,1:DECEASED,69.92800079,1,78,Female,White,STAGE IIA,T2,NX,M0,
TCGA-BH-A1EO,0,1:DECEASED,91.98803301,1,68,Female,White,STAGE IIA,T1C,N1,M0,
TCGA-BH-A1ET,0,1:DECEASED,82.84840714,1,55,Female,White,STAGE I,T1,N0,M0,
TCGA-BH-A1EU,1,1:DECEASED,42.27898872,1,83,Female,White,STAGE I,T1,N0,M0,
TCGA-BH-A1EV,1,1:DECEASED,11.9998685,1,45,Female,White,STAGE IIIA,T3,N1B,M0,Yes
TCGA-BH-A1EW,1,1:DECEASED,55.69254036,1,38,Female,White,STAGE IIA,T2,N1B,M0,
TCGA-BH-A1EX,1,1:DECEASED,49.57753888,1,67,Female,White,STAGE IIB,T2,N1B,M0,
TCGA-BH-A1EY,1,1:DECEASED,17.6874774,1,79,Female,White,STAGE IIA,T2,N0,M0,No
TCGA-BH-A1F0,1,1:DECEASED,25.80793635,1,80,Female,White,STAGE IIA,T1A,N1C,M0,
TCGA-BH-A1F2,1,1:DECEASED,31.52842161,1,53,Female,White,STAGE IIIB,T4B,N1B,M0,
TCGA-BH-A1F5,0,1:DECEASED,89.16066673,1,62,Female,White,STAGE IIA,T1C,N1A,M0,
TCGA-BH-A1F6,0,1:DECEASED,97.4783838,1,51,Female,White,,T4D,N2A,MX,
TCGA-BH-A1F8,1,1:DECEASED,25.08465661,1,90,Female,White,STAGE IIIB,T4B,N2,M0,
TCGA-BH-A1FC,0,1:DECEASED,114.1466943,1,78,Female,Black or African American,STAGE IIA,T1C,N1B,M0,
TCGA-BH-A1FD,1,1:DECEASED,33.17223921,1,68,Female,White,STAGE I,T1C,N0,M0,
TCGA-BH-A1FE,0,1:DECEASED,74.72794819,1,31,Female,White,STAGE IIB,T2,N1,M0,
TCGA-BH-A1FG,0,1:DECEASED,122.8260512,1,88,Female,White,STAGE I,T1C,NX,M0,
TCGA-BH-A1FH,1,1:DECEASED,33.99414801,1,47,Female,White,STAGE IV,T2,N1B,M1,
TCGA-BH-A1FJ,0,1:DECEASED,63.35273038,1,66,Female,White,STAGE IIIA,T3,N1B,M0,
TCGA-BH-A1FL,1,1:DECEASED,55.00213696,1,69,Female,White,STAGE IIB,T2,N1B,M0,
TCGA-BH-A1FM,1,1:DECEASED,45.63237663,1,44,Female,White,STAGE IIIA,T2,N2,M0,
TCGA-BH-A1FN,0,1:DECEASED,72.06496367,1,34,Female,White,STAGE IIA,T2,N0,M0,
TCGA-BH-A1FR,1,1:DECEASED,53.98297005,1,73,Female,White,STAGE IIIB,T4B,N1A,M0,
TCGA-BH-A1FU,1,1:DECEASED,55.49528224,1,44,Female,White,STAGE IA,T1C,N0,M0,
TCGA-BH-A203,1,1:DECEASED,38.5968373,1,78,Female,White,STAGE IIB,T2,N1B,M0,
TCGA-BH-A204,0,1:DECEASED,83.30867607,1,80,Female,White,STAGE IIB,T2,N1B,M0,
TCGA-BH-A208,1,1:DECEASED,57.82950324,1,48,Female,White,STAGE IIB,T2,N1B,M0,
TCGA-BH-A209,0,1:DECEASED,130.1574777,1,77,Female,Black or African American,STAGE I,T1C,N0,M0,
TCGA-BH-A42U,0,0:LIVING,110.5960483,0,80,Female,Black or African American,STAGE IIA,T2,N0,M0,No
TCGA-BH-A8FY,1,1:DECEASED,9.698523852,1,87,Female,White,STAGE IA,T1C,N0 (I+),M0,No
TCGA-C8-A12Q,1,1:DECEASED,12.65739554,1,78,Female,Asian,STAGE IIIA,T1,N2,M0,No
TCGA-C8-A3M7,1,1:DECEASED,33.99414801,1,60,Female,Asian,STAGE IIIB,T4B,N0,M0,Yes
TCGA-D8-A1XC,1,1:DECEASED,12.39438472,1,85,Female,White,STAGE IIIB,T4B,N1A,M0,No
TCGA-D8-A1Y1,1,1:DECEASED,9.928658316,1,80,Female,White,STAGE IIIA,T3,N1A,MX,No
TCGA-D8-A73W,1,1:DECEASED,12.65739554,1,79,Female,White,STAGE IIIA,T3,N1A,MX,Yes
TCGA-E2-A14T,0,0:LIVING,75.97724956,0,52,Female,White,STAGE IIA,T2,N0,M0,No
TCGA-E2-A14Y,0,0:LIVING,69.33622645,0,35,Female,White,STAGE IIA,T2,N0,M0,No
TCGA-E2-A14Z,1,1:DECEASED,18.5093862,1,64,Female,White,STAGE I,T1C,N0,M0,Yes
TCGA-E2-A150,0,0:LIVING,63.6157412,0,48,Female,White,STAGE IIA,T2,N0,M0,Yes
TCGA-E2-A152,0,0:LIVING,69.96087714,0,56,Female,White,STAGE I,T1C,N0,M0,No
TCGA-E2-A15M,1,1:DECEASED,11.04645429,1,66,Female,White,STAGE IIA,T2,N0,M0,Yes
TCGA-E2-A1AZ,0,0:LIVING,76.5690239,0,63,Female,White,STAGE IIB,T2,N1A,M0,Yes
TCGA-E2-A1B1,0,0:LIVING,87.22096196,0,45,Female,White,STAGE IIB,T2,N1,M0,Yes
TCGA-E2-A1B4,1,1:DECEASED,33.00785745,1,74,Female,White,STAGE IIIA,T1C,N2A,M0,Yes
TCGA-E2-A1IE,0,0:LIVING,77.65394352,0,61,Female,White,STAGE IIB,T2,N1,M0,Yes
TCGA-E2-A1IG,0,0:LIVING,70.35539337,0,45,Female,White,STAGE IIB,T2,N1MI,M0,Yes
TCGA-E2-A1IO,0,0:LIVING,60.98563303,0,37,Female,White,STAGE I,T1C,N0,M0,Yes
TCGA-E2-A1L7,0,0:LIVING,60.36098235,0,40,Female,White,STAGE IIIA,T2,N2,M0,Yes
TCGA-E2-A1L8,0,0:LIVING,73.64302857,0,52,Female,Black or African American,STAGE IIB,T2,N1A,M0,Yes
TCGA-E2-A1LB,0,0:LIVING,75.8128678,0,41,Female,Black or African American,STAGE IIB,T2,N1,M0,Yes
TCGA-E2-A1LH,0,0:LIVING,106.7495151,0,59,Female,White,STAGE I,T1C,N0,M0,Yes
TCGA-E2-A1LI,0,0:LIVING,102.6070947,0,57,Female,White,STAGE IIB,T2,N1,M0,Yes
TCGA-E2-A1LK,1,1:DECEASED,8.745109643,1,84,Female,Black or African American,STAGE IIIC,T4B,N3A,M0,No
TCGA-E9-A1NF,1,1:DECEASED,35.24344939,1,60,Female,White,STAGE IIA,T2,N0,M0,No
TCGA-E9-A1NG,1,1:DECEASED,25.8408127,1,62,Female,White,STAGE IIA,T2,N0,M0,No
TCGA-E9-A1RB,1,1:DECEASED,32.08731959,1,40,Female,White,STAGE IIA,T2,N0,M0,No
TCGA-E9-A226,1,1:DECEASED,34.45441694,1,45,Female,White,STAGE IIIA,T2,N2,M0,Yes
TCGA-E9-A2JS,1,1:DECEASED,29.72022224,1,72,Female,White,STAGE IIB,T2,N1,M0,Yes
TCGA-EW-A1P8,1,1:DECEASED,7.857448138,1,58,Female,White,STAGE IIIC,T2,N3B,M0,No
TCGA-GM-A2D9,1,1:DECEASED,59.5719499,1,69,Female,White,STAGE I,T1C,N0 (I-),M0,Yes
TCGA-GM-A2DA,0,1:DECEASED,216.753789,1,46,Female,White,STAGE IIB,T2,N1B,M0,Yes
TCGA-GM-A2DB,0,0:LIVING,79.10050301,0,62,Female,White,STAGE IIA,T2,N0 (I-),M0,Yes
TCGA-GM-A2DC,0,0:LIVING,83.34155242,0,57,Female,White,STAGE IIA,T1C,N1A,M0,Yes
TCGA-GM-A2DD,0,0:LIVING,75.02383536,0,53,Female,White,STAGE I,T1C,N0 (I-),M0,No
TCGA-GM-A2DF,0,0:LIVING,70.84853865,0,53,Female,Black or African American,STAGE IIA,T1C,N1A,M0,Yes
TCGA-GM-A2DH,0,0:LIVING,72.09784002,0,58,Female,White,STAGE I,T1C,N0 (I+),M0,No
TCGA-GM-A2DI,0,0:LIVING,85.14975178,0,52,Female,White,STAGE I,T1C,N0 (I+),M0,No
TCGA-GM-A2DK,0,0:LIVING,86.95795115,0,58,Female,White,STAGE I,T1C,N0 (I-),M0,Yes
TCGA-GM-A2DL,0,0:LIVING,115.6918828,0,50,Female,White,STAGE I,T1C,N0 (I-),M0,Yes
TCGA-GM-A2DM,0,0:LIVING,106.0591117,0,57,Female,White,STAGE IIA,T2,N0 (I-),M0,Yes
TCGA-GM-A2DN,0,0:LIVING,101.6208042,0,58,Female,White,STAGE IIA,T2,N0 (I-),M0,No
TCGA-GM-A2DO,0,0:LIVING,85.3470099,0,54,Female,Black or African American,STAGE I,T1C,N0 (I-),M0,Yes
TCGA-GM-A3NW,0,0:LIVING,110.4974192,0,63,Female,White,STAGE IIA,T2,N0 (I-),M0,No
TCGA-GM-A3XL,0,0:LIVING,69.3033501,0,49,Female,Black or African American,STAGE IIA,T2,N0 (I-),M0,Yes
TCGA-GM-A4E0,0,0:LIVING,72.03208732,0,67,Female,White,STAGE IIIC,T3,N3A,M0,Yes
TCGA-HN-A2OB,0,1:DECEASED,62.46506888,1,45,Female,,STAGE IIB,T2,N1,M0,Yes
TCGA-LL-A73Z,1,1:DECEASED,7.462931913,1,55,Female,Black or African American,STAGE IV,T1C,NX,M1,Yes
TCGA-OL-A5D6,1,1:DECEASED,36.29549265,1,71,Female,Black or African American,STAGE IIA,T2,N0,MX,No
TCGA-OL-A66J,0,0:LIVING,65.62119867,0,80,Female,White,STAGE I,T1C,N0,MX,Yes
TCGA-OL-A66K,1,1:DECEASED,41.91734885,1,72,Female,White,STAGE IIA,T2,N0,MX,No
TCGA-PE-A5DC,1,1:DECEASED,47.01318342,1,72,Female,White,STAGE IIIA,T2,N2A,M0,Yes
TCGA-PE-A5DD,0,0:LIVING,64.20751553,0,64,Female,Asian,STAGE IIA,T2,N0,M0,Yes
TCGA-PE-A5DE,0,0:LIVING,86.95795115,0,41,Female,White,STAGE IIA,T2,N0,M0,Yes
TCGA-UU-A93S,1,1:DECEASED,3.813656837,1,63,Female,Black or African American,STAGE IV,T4D,N3B,M1,No
TCGA-V7-A7HQ,0,0:LIVING,66.8376237,0,75,Female,Black or African American,STAGE IIIA,T1C,N2A,M0,Yes
TCGA-Z7-A8R5,0,0:LIVING,108.0645692,0,61,Female,White,STAGE IIIA,T3,N1A,MX,No
TCGA-Z7-A8R6,0,0:LIVING,107.0454022,0,46,Female,White,STAGE I,T1C,N0,M0,No
