feature,mean_abs_shap
AGE,0.596143
expr_CXCL13,0.29658362
expr_ORM2,0.23484595
expr_TUBA3D,0.23102167
expr_CHGA,0.23018712
expr_STAC2,0.20181835
expr_TUBA3E,0.19424544
expr_MAPT,0.19118796
expr_DCDC2,0.16941309
expr_IYD,0.16390343
expr_TMPRSS4,0.16290677
expr_SCUBE2,0.16165598
expr_CDC20B,0.14816186
expr_FOXJ1,0.12810901
expr_ZIC2,0.12524751
expr_CP,0.105421
expr_SPDYC,0.10076757
expr_VSIG2,0.10011182
expr_CYP24A1,0.097707845
expr_GFRA1,0.09679612
expr_CNTFR,0.09650033
expr_PCDH10,0.09505935
expr_PGLYRP2,0.094087504
expr_SLC15A1,0.08913832
expr_HBA1,0.08870512
expr_PRAME,0.08660997
expr_CLCA2,0.08596606
expr_AGR3,0.083876185
expr_ELF5,0.08011449
expr_HHIPL2,0.0782889
expr_LBP,0.077322334
expr_CHIT1,0.07635177
expr_CLGN,0.07348673
expr_CYP4Z1,0.07327018
expr_SLITRK6,0.0711921
expr_TRPA1,0.06969749
expr_SLC5A8,0.066781744
expr_GSTA1,0.06596112
expr_CYP4F11,0.06350677
STAGE_NUM,0.06328903
expr_ACTL8,0.06327675
expr_HOXC11,0.06246528
expr_DOK7,0.062408186
expr_ROBO2,0.061239965
expr_MUC6,0.060058266
expr_HEPACAM2,0.05924668
expr_SOSTDC1,0.0552643
expr_TMPRSS3,0.05484518
expr_DCX,0.053673238
expr_TPRG1,0.053309865
expr_DACH1,0.05329393
expr_CR2,0.05214424
expr_ABCC8,0.05161119
expr_SCGB2A1,0.04940099
expr_COL11A1,0.04899453
expr_NKAIN1,0.04861546
expr_CST1,0.04767306
expr_FSIP1,0.047277298
expr_GSTM1,0.046856772
expr_GPR98,0.044297148
expr_IL20,0.044161588
expr_NEURL,0.04400126
expr_ABCA12,0.04330505
expr_S100A7A,0.04211583
expr_FGG,0.041761294
expr_GPR26,0.041638106
expr_KLK10,0.041608244
expr_CBLN2,0.040873732
expr_SPAG6,0.04048062
expr_POF1B,0.040118184
expr_GPC1-AS1,0.039620537
expr_TAT,0.039164215
expr_PSAT1,0.039112
expr_CYP2A6,0.038601
expr_PCDHA12,0.038504392
expr_FAM5C,0.036507726
expr_TUSC5,0.035855472
expr_HPGD,0.034903225
expr_DKK1,0.034895286
expr_CLEC3A,0.03463088
expr_KCNC2,0.03436562
expr_GLDC,0.033958364
expr_FABP7,0.03379317
expr_AQP5,0.033502
expr_TLX1,0.03322852
expr_GABRB3,0.03261295
expr_SPIB,0.032108553
expr_HGD,0.031967368
expr_FGB,0.030835465
expr_CYP4F22,0.030641485
expr_ALOX15B,0.03021776
expr_MUC2,0.029621849
expr_TNNT1,0.029136064
expr_LRP2,0.029024485
N_NUM,0.02858687
expr_GLYATL2,0.027907012
expr_KRT81,0.027854614
expr_FUT3,0.027795933
expr_C19orf33,0.027585376
expr_WIF1,0.02746817
expr_LRRC31,0.02741584
expr_CD177,0.02733839
expr_IRX1,0.026657145
expr_TMC5,0.026186414
expr_GRIK3,0.025279112
expr_BEX1,0.024841294
expr_SERPINA6,0.024653021
expr_C1orf64,0.02453142
expr_DARC,0.024357148
expr_HOTAIR,0.02312987
expr_TTYH1,0.022478744
expr_DLX2,0.02246137
expr_CALML3,0.02244328
expr_LTF,0.022397263
expr_BCAS1,0.021948881
expr_KIF1A,0.021772759
expr_TFAP2B,0.021726085
expr_SBSN,0.021501781
expr_ADAM6,0.021466793
expr_PON3,0.020883743
expr_ZNF385B,0.020838436
expr_CST4,0.020736111
expr_TMEM40,0.02068104
expr_CHI3L1,0.020527303
expr_ADIPOQ,0.02039923
expr_PPP1R1A,0.020120041
expr_CCL18,0.020027667
expr_TCN1,0.019960215
expr_NELL2,0.019670472
expr_MUC16,0.019581717
expr_PLA2G2D,0.018909443
expr_DIO1,0.0187306
expr_LRP1B,0.018489877
expr_ARHGAP36,0.017572932
expr_TRIM29,0.017365428
expr_C1orf173,0.01732162
expr_THRSP,0.017233951
expr_GSTT1,0.017170522
expr_RASAL1,0.016979817
expr_UGT2B11,0.01696507
expr_PLA2G3,0.016889323
expr_SCGB3A1,0.016711686
expr_SEZ6L,0.016691715
expr_GLRA3,0.01666321
expr_MS4A8B,0.016656006
expr_KNDC1,0.016489275
expr_OLFM4,0.01644463
expr_ALB,0.01640762
expr_CST5,0.016312927
expr_KRT6A,0.01631241
expr_PPAN-P2RY11,0.016239135
expr_TBC1D3G,0.015893761
expr_SLC44A5,0.01583834
expr_PCAT18,0.015791232
expr_CA9,0.01578979
expr_INSM1,0.0155607285
expr_TMEM213,0.015247154
expr_PIGR,0.015156672
expr_VIPR2,0.015060371
expr_AREG,0.014863722
expr_ATP13A4,0.014858981
expr_KRT13,0.014850019
expr_TDRD1,0.014803493
expr_AKR1B10,0.014797804
expr_FAM196A,0.014667169
expr_COL17A1,0.014666626
expr_MSMB,0.014541515
expr_RBM24,0.014519542
expr_MKX,0.014486123
expr_NCAM2,0.014454724
expr_CARTPT,0.01442146
expr_PLCH1,0.014257
expr_SLC6A15,0.014256479
expr_SYT8,0.0142563805
expr_TRH,0.014208027
expr_IGSF1,0.014188322
expr_NTNG1,0.01399898
expr_MMP10,0.013997996
expr_LEP,0.01398293
expr_VTCN1,0.0138997855
expr_CEACAM5,0.013627903
expr_CXCL17,0.0134369945
expr_PTPRT,0.013313656
expr_FABP4,0.013226933
expr_A2ML1,0.013172581
expr_GJB1,0.013142063
expr_ABCC13,0.013128861
expr_TTC36,0.013101562
expr_TFPI2,0.013072588
expr_AGR2,0.01293881
expr_TCL1A,0.012755693
expr_CRYM,0.012708514
expr_HP,0.012472643
expr_ASCL1,0.012381383
expr_CLIC6,0.01222613
expr_MMP13,0.011702305
expr_LGR6,0.011577471
expr_MUC5B,0.011566804
expr_SLC13A2,0.011543495
expr_PGR,0.011496772
expr_MYT1,0.011176412
expr_SCARA5,0.01106599
expr_PYDC1,0.01103985
expr_GRB14,0.010953534
expr_CAPN8,0.010930214
expr_SLC7A2,0.010910047
expr_C2CD4A,0.010752089
expr_CHRDL1,0.010643293
expr_ATRNL1,0.010638419
expr_TFF1,0.010595868
expr_SLC26A3,0.010379918
expr_MMP7,0.010313319
expr_HPX,0.010231822
expr_MARCO,0.010181948
expr_SPAG17,0.010144688
expr_KRT6B,0.010122854
expr_PKP1,0.01006696
expr_NPY1R,0.00977712
expr_CAPN6,0.009750354
expr_PIP,0.009714476
expr_C10orf82,0.009695974
expr_S100A7,0.009589689
expr_ABCC12,0.009585363
expr_PI16,0.009563452
expr_DEFB1,0.009545411
expr_FAM3B,0.00951452
expr_GABBR2,0.009453807
expr_OBP2B,0.009421789
expr_DNALI1,0.009349912
expr_FAM83A,0.009328522
expr_FAM5B,0.009252256
expr_AKR7A3,0.009170783
expr_PROM1,0.009102122
expr_SLC6A11,0.009048075
expr_PRODH,0.008868289
expr_ONECUT2,0.008858581
expr_CXCR2P1,0.008848013
expr_NCRNA00052,0.008818041
expr_CTNND2,0.008811458
expr_SCNN1G,0.008797195
expr_ANKRD30B,0.008762259
expr_RIMS4,0.0087453
expr_KRT14,0.008695849
expr_ZFP57,0.008661961
expr_CYP2A7,0.008526266
expr_MS4A1,0.008513366
expr_MAPK4,0.008513316
expr_GPD1,0.008508451
expr_SLC28A3,0.00849338
expr_NDP,0.008346758
expr_SERPINB5,0.008289217
expr_ACTA1,0.0082780775
expr_SOX11,0.00825068
expr_SLC1A1,0.008245726
expr_TSPAN8,0.008223651
expr_BBOX1,0.008136819
expr_EEF1A2,0.008080576
expr_TSIX,0.0080423495
expr_RPS28,0.008025689
expr_IGJ,0.007983469
expr_SYNPO2L,0.007914601
expr_CECR2,0.0077650063
expr_FIBCD1,0.0077589285
expr_TRPV6,0.0077561606
expr_SLC5A1,0.0076802955
expr_PPP4R4,0.0076515027
expr_PCK1,0.0076152342
expr_COL2A1,0.007603482
expr_RGS22,0.007555897
expr_FREM2,0.0075253816
expr_ABCA8,0.0074496004
expr_SCEL,0.0074489005
expr_CYP4F8,0.0074298102
expr_SLC34A2,0.0074188355
expr_MUCL1,0.0073687057
expr_UGT2B28,0.0073084007
expr_NEK10,0.0072992025
expr_FGF10,0.0072107324
expr_PVALB,0.007159701
expr_SAA2,0.007114573
expr_PPP1R1B,0.0070972927
expr_CAPN9,0.0070350016
expr_MGAM,0.006998346
expr_TPSG1,0.006931561
expr_TOX3,0.006925711
expr_PI3,0.0069241486
expr_RIMS2,0.0068619074
expr_PCDHA11,0.006712906
expr_LCN2,0.0066619082
expr_SOX2,0.0066126636
expr_GRPR,0.0064964965
expr_CHAD,0.0064730933
expr_LRRC26,0.006469603
expr_UBD,0.0064473124
expr_TSPAN1,0.0063584256
expr_PPP1R14C,0.0062996247
expr_CXADRP3,0.006280153
expr_AFF3,0.0062687458
expr_FOLR1,0.0062479964
expr_MUC15,0.0062249405
expr_PADI3,0.0061733313
expr_LRG1,0.0061561
expr_PROL1,0.0061196242
expr_CYP2B7P1,0.0060904585
expr_C2orf54,0.006071015
expr_TF,0.006064215
expr_ORM1,0.0060065356
expr_HMGCS2,0.005985629
expr_PART1,0.0059509785
expr_SLC9A2,0.0059054154
expr_TMEM45B,0.00587933
expr_MAGEA4,0.0058693807
expr_ESR1,0.005851846
expr_APOD,0.0058051916
expr_FGFBP1,0.0058015822
expr_TFF3,0.005711595
expr_IGDCC3,0.005684191
TMB,0.005655992
expr_KRT23,0.0055295913
expr_CRISP3,0.0055197836
expr_ACE2,0.0054754214
expr_AGTR1,0.0053861835
expr_GRIA2,0.0053734933
expr_PAX7,0.0053728335
expr_OGN,0.0052857385
expr_GLYATL1,0.00519134
expr_FUT6,0.005154313
expr_SLC30A8,0.0051235836
expr_MMP1,0.0051192176
expr_WDR72,0.0051139407
expr_RBP4,0.005099236
expr_HS6ST3,0.005091398
expr_ROPN1B,0.0050761164
expr_GATA3-AS1,0.0050461143
expr_SDR16C5,0.0049499744
expr_CEACAM6,0.0049166232
expr_FAT2,0.0049103983
expr_PRG4,0.004877763
expr_CNTNAP2,0.0048598237
expr_PDZK1,0.0048574465
expr_CRABP1,0.0048480206
expr_WNK4,0.0048133135
expr_EREG,0.0047859536
expr_S100A1,0.0047435192
mut_FLG,0.0047082664
expr_KLHDC7A,0.004707948
expr_SERPINA5,0.0046986365
expr_NLRP2,0.0046392228
expr_CCL19,0.0045460435
expr_SLC6A14,0.0045173387
expr_KRT16,0.0045120865
expr_PCSK1,0.0045111077
expr_C3orf57,0.004450978
expr_FAM83E,0.004418189
expr_WFDC2,0.004358183
expr_SYT13,0.0043491847
expr_PSCA,0.004279529
expr_AFAP1-AS1,0.004144596
expr_BCL11A,0.0041403268
expr_LY6D,0.0041272948
expr_SHISA2,0.004124723
expr_HRASLS5,0.004031828
expr_PEG10,0.0039918367
expr_CASP14,0.0039682696
expr_SFRP1,0.0039588693
expr_SHISA9,0.003908916
expr_KLK7,0.0038808528
expr_C16orf89,0.0038499811
expr_MIR205HG,0.0038058732
expr_MAGEA6,0.0037616587
expr_S100A8,0.0036472012
expr_MYBPC1,0.0035231153
expr_UGT2B15,0.0034864978
expr_CPB1,0.0034849183
expr_CALML5,0.0034797469
expr_PTPRZ1,0.0033482427
expr_VSTM2A,0.0033359376
expr_B3GNT3,0.0030352904
expr_UGT8,0.002961911
expr_PLIN1,0.0028172873
mut_KMT2C,0.0027904967
expr_SORCS1,0.0027713904
expr_LY6K,0.0027650509
expr_C4orf7,0.0023171043
expr_CWH43,0.0022924114
expr_DLK1,0.0020475532
expr_WT1,0.0016094244
expr_SCGB2A2,0.0015480836
expr_ADH1B,0.0014597031
expr_F7,0.0013128069
expr_ERBB4,0.00108907
expr_NPY5R,0.001021555
expr_ANKRD30A,0.00051941973
mut_MUC16,0.0
mut_MUC17,0.0
mut_MUC4,0.0
mut_MAP3K1,0.0
mut_HYDIN,0.0
mut_HMCN1,0.0
mut_GATA3,0.0
mut_CSMD1,0.0
mut_DST,0.0
mut_SYNE2,0.0
mut_MDN1,0.0
mut_USH2A,0.0
mut_TTN,0.0
mut_TP53,0.0
expr_PTCHD1,0.0
expr_CD79A,0.0
mut_CDH1,0.0
mut_ATRX,0.0
mut_APOB,0.0
expr_CCNO,0.0
expr_HSD17B2,0.0
expr_SCRG1,0.0
expr_KCNG1,0.0
expr_SERPINA11,0.0
expr_VGLL1,0.0
expr_SAA1,0.0
expr_PNMT,0.0
expr_EPYC,0.0
expr_KRT6C,0.0
expr_EDN3,0.0
expr_ANXA8L2,0.0
expr_PRSS21,0.0
expr_DCD,0.0
expr_SLC6A4,0.0
expr_PLIN4,0.0
expr_KLK11,0.0
expr_KRT4,0.0
expr_KLK5,0.0
expr_ABCC11,0.0
expr_KRT15,0.0
expr_SLPI,0.0
expr_AR,0.0
expr_SLC44A4,0.0
expr_PCSK1N,0.0
expr_CHGB,0.0
expr_ANKRD43,0.0
expr_C20orf114,0.0
expr_DSG3,0.0
expr_KRT17,0.0
expr_NXPH1,0.0
expr_KLK6,0.0
expr_MSLN,0.0
expr_CIDEA,0.0
expr_CHST8,0.0
expr_NAT1,0.0
expr_C7,0.0
expr_MAGEA3,0.0
expr_BMPR1B,0.0
expr_CHI3L2,0.0
expr_ROPN1,0.0
expr_PLA2G2A,0.0
expr_PPP2R2C,0.0
expr_ANXA8,0.0
expr_HOXB13,0.0
expr_CST9,0.0
expr_KRT5,0.0
expr_CLSTN2,0.0
expr_GABRP,0.0
expr_ABCA13,0.0
expr_LOC100271831,0.0
expr_GP2,0.0
expr_CYP4X1,0.0
expr_NBPF6,0.0
expr_CYP4B1,0.0
expr_TMPRSS6,0.0
expr_S100A9,0.0
expr_HORMAD1,0.0
expr_CYP4Z2P,0.0
expr_SYT9,0.0
expr_BPIL1,0.0
expr_CACNG4,0.0
expr_CPLX2,0.0
expr_MMP12,0.0
expr_ELOVL2,0.0
expr_SYT1,0.0
expr_SYTL5,0.0
expr_KLK8,0.0
expr_FOXI1,0.0
expr_CIDEC,0.0
expr_S100P,0.0
expr_DSC3,0.0
expr_ATP13A5,0.0
expr_NBPF4,0.0
expr_DSG1,0.0
expr_ZIC1,0.0
expr_CCL21,0.0
expr_SOX10,0.0
expr_CGA,0.0
expr_ART3,0.0
expr_MS4A15,0.0
expr_ATP6V0A4,0.0
expr_LPPR3,0.0
expr_FOXA1,0.0
expr_MKRN3,0.0
expr_CXorf61,0.0
expr_HOXC10,0.0
expr_MYO3B,0.0
expr_DHRS2,0.0
expr_SCGB1D2,0.0
expr_AKR1C2,0.0
expr_KCNJ3,0.0
expr_CAPN13,0.0
expr_CXCL14,0.0
expr_SEMA3E,0.0
expr_RET,0.0
expr_EMX1,0.0
expr_TNFSF12-TNFSF13,0.0
expr_GRM4,0.0
expr_SCGN,0.0
expr_C2orf40,0.0
expr_S100A2,0.0
expr_PIK3C2G,0.0
expr_NOVA1,0.0
expr_NCCRP1,0.0
expr_MIA,0.0
expr_SLC7A4,0.0
expr_SERHL2,0.0
expr_ADCY5,0.0
expr_CD300LG,0.0
expr_EN1,0.0
mut_NEB,0.0
mut_OBSCN,0.0
mut_PIK3CA,0.0
mut_PTEN,0.0
mut_RYR2,0.0
mut_RYR3,0.0
mut_SPEN,0.0
mut_SPTA1,0.0
mut_SYNE1,0.0
mut_ABCA13,0.0
T_NUM,0.0
mut_AHNAK,0.0
M_NUM,0.0
RADIATION,0.0
RACE_Asian,0.0
RACE_Black or African American,0.0
RACE_White,0.0
